{"cameraMode":{"drawMode":0,"name":"Shaded","section":"Shading Mode"},"sceneLighting":true,"audioPlay":false,"sceneViewState":{"showFog":true,"showMaterialUpdate":false,"showSkybox":true,"showFlares":true,"showImageEffects":true,"showParticleSystems":true},"in2DMode":false,"pivot":{"x":-3.0962538719177248,"y":-0.07536096125841141,"z":-6.4097208976745609},"rotation":{"x":0.3066251873970032,"y":-0.19759050011634828,"z":0.06551937758922577,"w":0.9288790225982666},"size":3.818228006362915,"orthographic":false}